{
    "total_return_pct": 36.55379608541991,
    "CAGR_pct": 6.618831858352614,
    "volatility_ann_pct": 21.62866547320637,
    "sharpe": 0.3060212642583413,
    "max_drawdown_pct": -37.086170478440636,
    "calmar": 0.1784716942863825,
    "sortino": 0.36287306563096633,
    "n_days": 1225
}