{
  "total_return_pct": 2.4388899999999714,
  "CAGR_pct": 3.355195699111202,
  "volatility_ann_pct": 14.70055886930632,
  "sharpe": 0.22823591270946095,
  "max_drawdown_pct": -15.477903324112718,
  "calmar": 0.2167732548833636,
  "sortino": 0.3351586516494146,
  "n_days": 184
}