,Baseline,DQN,PPO
total_return_pct,36.55379608541991,2.4388899999999714,333.293149363671
CAGR_pct,6.618831858352614,3.355195699111202,644.9278914110629
volatility_ann_pct,21.62866547320637,14.70055886930632,12.257764918688792
sharpe,0.3060212642583413,0.22823591270946095,52.61382443611511
max_drawdown_pct,-37.086170478440636,-15.477903324112718,-0.0207832634766425
calmar,0.1784716942863825,0.2167732548833636,31031.117520877902
sortino,0.36287306563096633,0.3351586516494146,5409.848445861213
n_days,1225.0,184.0,184.0
