{
    "total_return_pct": 333.293149363671,
    "CAGR_pct": 644.9278914110629,
    "volatility_ann_pct": 12.257764918688792,
    "sharpe": 52.61382443611511,
    "max_drawdown_pct": -0.0207832634766425,
    "calmar": 31031.117520877902,
    "sortino": 5409.848445861213,
    "n_days": 184.0
}